Track ID,Dwell Time (s),Net Displacement,Path Length,Meander Ratio
69,1.2,360.4497191010141,412.05470267825444,0.8747618138033115
